aircraft_type,V2_(IAS)_Knots,Toff_Distance_m,MTOW_kg,Initial_Climb_(FL50)_IAS_Knots,Initial_Climb_(FL50)_ROC_ft/min,Climb_(FL150)_IAS_Knots,Climb_(FL150)_ROC_ft/min,Climb_(FL240)_IAS_Knots,Climb_(FL240)_ROC_ft/min,Mach_ROC_ft/min,Cruise_TAS_knots,Cruise_Ceiling_ft,Range_NM,Initial_Descent_(FL240)_ROD_ft/min,Initial_Descent_(FL100)_IAS_Knots,Initial_Descent_(FL100)_ROD_ft/min,Approach_IAS_knots,Approach_ROD_ft/min,MCS_knots,Vat_(IAS)_Knots,Ldg_Distance_m,Wing_Span_m,Length_m,Height_m,Engine_Thrust(KN),PAX,In_service,Tail_Height_at_OEW_ft,Wheelbase_ft,Cockpit_to_Main_Gear_ft,Main_Gear_Width_ft,Parking_Area_ft2,NOISE_LATERAL_dB,NOISE_FLYOVER_dB,NOISE_APP_dB,OEW_kg,Wing Area_m2,Unnamed: 0,GSDB No,B/P Ratio,Pressure Ratio,Rated Thrust (kN),HC EI T/O (g/kg),HC EI C/O (g/kg),HC EI App (g/kg),HC EI Idle (g/kg),HC Number Test,HC Number Eng,HC Dp/Foo Avg (g/kN),HC Dp/Foo Sigma (g/kN),HC Dp/Foo Min (g/kN),HC Dp/Foo Max (g/kN),HC Dp/Foo Characteristic (g/kN),HC Dp/Foo Characteristic (% of Reg limit) ,HC LTO Total mass (g),CO EI T/O (g/kg),CO EI C/O (g/kg),CO EI App (g/kg),CO EI Idle (g/kg),CO Number Test,CO Number Eng,CO Dp/Foo Avg (g/kN),CO Dp/Foo Sigma (g/kN),CO Dp/Foo Min (g/kN),CO Dp/Foo Max (g/KN),CO Dp/Foo Characteristic (g/kN),CO Dp/Foo Characteristic (% of Reg limit) ,CO LTO Total Mass (g),NOx EI T/O (g/kg),NOx EI C/O (g/kg),NOx EI App (g/kg),NOx EI Idle (g/kg),NOx Number Test,NOx Number Eng,NOx Dp/Foo Avg (g/kN),NOx Dp/Foo Sigma (g/kN),NOx Dp/Foo Min (g/kN),NOx Dp/Foo Max (g/kN),NOx Dp/Foo Characteristic (g/kN),NOx Dp/Foo Characteristic (% of original standard) ,NOx Dp/Foo Characteristic (% of CAEP/2 standard),NOx Dp/Foo Characteristic (% of CAEP/4 standard),NOx Dp/Foo Characteristic (% of CAEP/6 standard),NOx Dp/Foo Characteristic (% of CAEP/8 standard),NOx LTO Total mass (g),SN T/O,SN C/O,SN App,SN Idle,SN Number Test,SN Number Eng,SN Max,SN Sigma,SN Range Min,SN Range Max,SN Characteristic,SN Characteristic (% of Reg limit),Fuel H/C Ratio Min,Fuel H/C Ratio Max,Fuel Arom Min (%),Fuel Arom Max (%),Fuel Flow T/O (kg/sec),Fuel Flow C/O (kg/sec),Fuel Flow App (kg/sec),Fuel Flow Idle (kg/sec),Fuel LTO Cycle (kg)  ,Ambient Baro Min (kPa),Ambient Baro Max (kPa),Ambient Temp Min (K),Ambient Temp Max (K),Humidity Min (kg/kg),Humidity Max (kg/kg),Eng Type,Engine_Name,Fuel Spec,Manufacturer_x,Manufacturer_y,RECAT-EU,Type_of_Aircraft,L/D
A20N,145,1951,79000,175,2200,290,2000,290,1500,1000,450,39000,3500,1000,290,3000,250,1500,210,135,1650,36,38,12,241,150,2020,40,42,50,29,16358,-1.165226103,-1.079099313,-0.985742651,44300,124,172,19,11.1,33.33333333,120.6,0.02,0.02,0.04,0.286666667,4,2,0.373333333,0.05,0.323333333,0.423333333,0.483333333,2.466666667,45,0.233333333,0.263333333,2.68,21.55333333,4,2,26.68333333,1.333333333,25.07333333,28.00333333,30.4,25.76666667,3216,26.79,12.64,8.723333333,4.616666667,4,2,27.41333333,1.24,25.87,28.63333333,30.14666667,28.23333333,35.33333333,40.93333333,46,53.16666667,3307.333333,1.3,1.17,1.31,1.25,4,2,1.573333333,0.15,1.47,1.82,1.846666667,8.2,1.9,1.9,16.5,16.5,0.859,0.708333333,0.243333333,0.09,328,97.8,98.8,274.6,279.8,0.002,0.0032,TF,LEAP-1A26/26E1,Jet A,AIRBUS,CFM International,Upper Medium,L2J,18
A21N,145,2150,97000,175,2000,290,1500,290,1200,1000,450,39000,4000,1500,290,2500,250,1300,210,140,1850,36,45,12,295,180,2017,40,56,64,29,19253,-0.70827469,-0.62633037,-0.34977965,50000,128,176.5,20,10.7,35.5,130.3,0.04,0.02,0.04,0.25,4,2,0.33,0.04,0.28,0.37,0.43,2.2,43,0.27,0.23,2.21,20.3,4,2,24.26,1.21,22.82,25.46,27.64,23.4,3150,49.48,21.03,9.27,4.72,4,2,41.44,1.85,39.23,43.27,45.57,41.1,51.3,58.4,65.1,74.5,5396,1.105,1.17,1.31,1.25,4,2,1.56,0.15,1.47,1.82,1.83,8.3,1.9,1.9,16.5,16.5,0.946,0.777,0.261,0.094,352,97.8,98.8,274.6,279.8,0.002,0.0032,TF,LEAP-1A29,Jet A,AIRBUS,CFM International,Upper Medium,L2J,18
A310,160,2290,150000,190,2500,260,3000,260,2800,1500,480,40000,5100,1500,290,2000,240,1000,220,139,1490,44,47,16,466,220,1995,52,50,64,36,24361,0.662579549,0.279207515,0.922146351,79207,219.25,287,1.333333333,5.1,27.93,233.35,0.09,0.086666667,0.2,7.706666667,3.333333333,2,9.98,0.931,9.07,10.73,13,66.23333333,2331,0.396666667,0.386666667,2.846666667,38.21,3.333333333,2,50.66,2.496666667,48.21333333,52.72666667,57.73333333,48.93333333,11822.66667,26.06,19.92333333,10.27333333,4.116666667,3.333333333,2,41.13,0.358666667,40.77333333,41.52666667,45.23333333,47.16666667,58.96666667,71,80.7,95.8,9598.666667,6.266666667,3.733333333,2.3,3.1,3.333333333,2,6.266666667,0.876666667,5.3,7.066666667,7.333333333,39.13333333,1.94,1.94,15.3,15.3,2.128666667,1.753666667,0.583333333,0.19,757,97.47,97.93,284.3333333,295,0.007123333,0.01181,TF,CF6-80C2A2,Jet A,AIRBUS,General Electric Company,Lower Heavy,L2J,17
A319,135,1750,64000,165,2500,290,2200,290,1500,1000,450,39000,1800,1000,290,3500,230,1500,210,130,1350,34,34,12,209,124,1996,40,36,45,29,14141,-0.251323277,-0.399945899,-0.34977965,40800,124,100.5,8,6,23.1,97.9,0.03,0.03,0.08,3.55,7,3,5.31,0.55,4.68,5.7,6.2,31.6,520,0.15,0.2,4.94,41.77,7,3,64.82,2.9,61.5,66.5,70.1,59.4,6343,16.42,14.01,8.03,3.81,7,3,31.13,1.1,30.1,32.2,33,38.3,47.9,59,67,81.7,3047,9.7,8,2.1,2.1,7,3,9.7,2.1,8,12.1,10.7,44.9,1.92,1.93,16.2,17.5,0.894,0.743,0.264,0.092,343,97.6,98.5,277,293,0.0015,0.00628,TF,CFM56-5B5/3,Jet A,AIRBUS,CFM International,Upper Medium,L2J,15.5
A320,145,2190,73900,175,2500,290,2000,290,1400,1000,450,39000,2700,1000,290,3500,250,1500,210,137,1440,34,38,12,222,185,1988,40,42,50,29,16354,0.205628136,0.052823043,0.28618335,42600,124,99,8,5.7,27.3,120.1,0.02,0.02,0.05,1.92,7,3,2.61,0.36,2.21,2.93,3.05,15.6,314,0.25,0.16,3.24,32.07,7,3,44.84,2.4,42,46.6,48.5,41.1,5386,21.57,17.23,8.85,4.22,7,3,37.56,1.1,36.6,38.8,39.8,42.1,52.6,63.5,72.2,85.9,4511,13.4,9.9,2.1,2.1,7,3,13.4,4.5,8.4,16.9,14.7,65.3,1.92,1.93,16.2,17.5,1.142,0.939,0.316,0.102,407,97.6,98.5,277,293,0.0015,0.00628,TF,CFM56-5B4/3,Jet A,AIRBUS,CFM International,Upper Medium,L2J,16.3
A321,145,2210,83000,175,2500,290,2000,290,1800,1000,450,41000,2350,1000,290,2500,225,1500,210,141,1600,34,45,12,266,185,1994,40,56,64,29,19256,0.891055255,0.279207515,0.604164851,48500,128,96,8,5.4,32.6,142.3,0.05,0.02,0.05,1.1,7,3,1.43,0.26,1.15,1.67,1.67,8.5,204,0.54,0.25,2.14,25.59,7,3,33.47,2,31.2,35,36.2,30.7,4765,30.9,21.83,9.56,4.6,7,3,48.3,0.6,47.7,48.9,51.2,48.7,60.8,72,79.8,92.6,6875,16,13.4,2.1,2.1,7,3,16,6.2,8.9,20.2,17.6,81.9,1.92,1.93,16.2,17.5,1.462,1.153,0.369,0.113,478,97.6,98.5,277,293,0.0015,0.00628,TF,CFM56-5B3/3,Jet A,AIRBUS,CFM International,Upper Medium,L2J,16.5
A332,145,2300,230000,175,2000,290,2500,290,2200,1500,470,41000,6750,1000,290,3000,230,1600,200,140,1800,60,59,17,600,253,1998,60,73,87,41,41269,1.348006668,1.1847454,0.604164851,120200,361.6,705.25,8.25,5.03,36.06264698,318.2,0.116666667,0.123333333,0.225,1.8375,6,2,2.7225,0.75,1.9475,3.2575,3.585,18.325,867.75,0.2,0.3225,1.1975,18.81,6,2,26.39,5.61,22.5225,29.09,29.975,25.425,8371.5,37.275,28.185,10.455,4.9425,6,2,58.6825,2.4,57.38,60.4,65.25,58.25,72.775,82.575,91.9,104.975,18645.5,1.566666667,1.866666667,0.633333333,0.2,6,2,1.785,0.66,1.325,2.3,2.12,12.325,1.9275,1.9275,16.85,16.85,3.157,2.555,0.833,0.2725,1095.5,97.75,100.85,284.9,291.6,0.005515,0.008755,MTF,Trent 772,AVTUR,AIRBUS,Rolls-Royce plc,Upper Heavy,L2J,18
A333,145,2300,230000,175,2000,290,2000,290,1300,1000,475,41000,5650,1000,290,3000,220,1500,200,140,1700,60,64,17,600,295,1993,46,83,97,41,44474,1.348006668,1.411129871,1.240127851,122780,361.6,705.25,8.25,5.03,36.06264698,318.2,0.116666667,0.123333333,0.225,1.8375,6,2,2.7225,0.75,1.9475,3.2575,3.585,18.325,867.75,0.2,0.3225,1.1975,18.81,6,2,26.39,5.61,22.5225,29.09,29.975,25.425,8371.5,37.275,28.185,10.455,4.9425,6,2,58.6825,2.4,57.38,60.4,65.25,58.25,72.775,82.575,91.9,104.975,18645.5,1.566666667,1.866666667,0.633333333,0.2,6,2,1.785,0.66,1.325,2.3,2.12,12.325,1.9275,1.9275,16.85,16.85,3.157,2.555,0.833,0.2725,1095.5,97.75,100.85,284.9,291.6,0.005515,0.008755,MTF,Trent 772,AVTUR,AIRBUS,Rolls-Royce plc,Upper Heavy,L2J,18
A343,145,2765,275000,175,1400,290,1500,290,1000,700,490,41000,7200,1000,290,2000,250,1500,210,150,1830,60,64,17,616,295,1993,56,83,97,41,44467,1.119530961,2.090283284,0.604164851,130000,363.1,102,1,6.8,28.8,138.78,0.008,0.008,0.082,5.68,3,1,7.56,0.59,6.9,8.01,11.6,59.4,1050,0.93,0.8,1.75,34,3,1,47.2,1.71,45.4,48.8,57.9,49.1,6546,32.6,25.8,10,4.19,3,1,50.9,0.04,50.89,50.96,59,60.5,75.6,90.7,103,121.8,7077,11.1,8.5,1,1.1,3,1,11.1,1.6,9.3,12.1,14.3,66,1.95,1.95,17.3,17.3,1.308,1.076,0.3558,0.1175,466,97.77,98.11,286,295,0.0061,0.0074,MTF,CFM56-5C2,Jet A,AIRBUS,CFM International,Upper Heavy,L4J,17
A359,150,888,268000,220,3000,300,2300,300,1600,1400,490,43000,8100,1500,250,3000,240,1500,220,140,888,65,67,17,748,366,2013,57,94,99,42,49857,-0.251323277,-0.173561428,0.28618335,142400,442,799.6666667,16.66666667,9.01,41.09666667,379,,,0.01,1,5.333333333,2.666666667,1.2,0.14,1.11,1.356666667,1.446666667,7.4,453.3333333,0.39,0.39,1.186666667,21.19333333,5.333333333,2.666666667,26.38333333,2.34,24.1,28.20666667,29.02,24.63333333,10001.33333,45.32,34.31,11.23333333,4.516666667,5.333333333,2.666666667,52.81,1.153333333,51.54,53.64,56.65666667,46.36666667,57.96666667,63.56666667,69.86666667,78.33333333,20016.33333,5.6,6.4,6.933333333,1.466666667,5.333333333,2.666666667,10.17666667,2.468,7.8,12.1,11.41333333,69.36666667,1.866666667,1.866666667,17.26666667,17.26666667,2.819,2.306,0.801,0.291,1069,98.5,101.7,280,295,0.00124,0.00964,TF,Trent XWB-84,,AIRBUS,Rolls-Royce plc,Upper Heavy,L2J,19
AT76,110,1367,23000,140,1350,210,1000,210,800,,280,25000,825,,275,1500,200,1500,175,120,1100,27,27,8,372,80,1997,25,35,35,13,9288,-2.079128928,-1.079099313,-0.985742651,13010,61,518,19,5.675559905,33.7665587,68.63052879,0.045433809,0.042955697,0.022620666,0.056886382,7,4.333333333,0.131409627,0.098312608,,0.233333333,0.119136497,0.60436988,8.478487293,0.007552677,,2.000048353,14.80928999,7,4.333333333,24.65986435,2.180748819,21.63333333,27.03333333,26.30099122,22.27750668,1708.351948,22.91053078,17.96245549,11.37246828,5.946846409,7,4.333333333,45.55048247,1.519534213,43.6,48.43333333,47.75277052,44.39896411,55.52703847,61.00691448,65.5092521,72.71160761,3132.275639,0.289750007,0.210561705,0.19715073,0.194353627,7,4.333333333,0.303083341,0.116959516,0.2,0.5,0.309963664,1.165701872,0.735333333,0.744,15.66666667,20.1,0.668692573,0.55120425,0.195442938,0.069880253,256.7355482,99.1,101.7,253,299,0.0005,0.0115,TF,PW814GA,Jet A-1,ATR,Pratt & Whitney Canada,Lower Medium,L2T,13
B38M,145,2500,82600,165,2500,290,2300,290,2000,1500,453,41000,3550,1000,290,3500,250,1500,215,145,1500,36,40,12,260,170,2017,40,51,57,19,17215,-0.936750396,-0.852714842,-0.34977965,45000,124.6,182,18,8.6,41.5,130.4,0.05,0.04,0.05,0.57,3,1,0.74,0.09,0.66,0.84,1.15,5.9,97,0.18,0.14,1.2,14.62,3,1,17.94,0.77,16.97,18.38,21.93,18.6,2339,60.67,29.58,11.24,4.64,3,1,57.78,1.38,56.39,59.15,66.96,54.4,68,74.4,81.7,91.6,7534,0.94,0.85,1.07,0.8,3,1,1.16,0.29,0.34,0.9,1.49,6.8,1.9,1.9,14.8,14.8,1.061,0.864,0.277,0.098,378,98.02,98.16,290.9,296.5,0.0048,0.0079,TF,LEAP-1B28,Jet A,BOEING,CFM International,Upper Medium,L2J,17
B39M,149,2600,88300,165,2300,290,2000,290,1800,1400,453,41000,3550,1000,290,3500,250,1500,220,150,1700,36,42,12,260,220,2017,41,56,62,23,18314,-0.936750396,-0.62633037,-0.34977965,45000,124.6,182,18,8.6,41.5,130.4,0.05,0.04,0.05,0.57,3,1,0.74,0.09,0.66,0.84,1.15,5.9,97,0.18,0.14,1.2,14.62,3,1,17.94,0.77,16.97,18.38,21.93,18.6,2339,60.67,29.58,11.24,4.64,3,1,57.78,1.38,56.39,59.15,66.96,54.4,68,74.4,81.7,91.6,7534,0.94,0.85,1.07,0.8,3,1,1.16,0.29,0.34,0.9,1.49,6.8,1.9,1.9,14.8,14.8,1.061,0.864,0.277,0.098,378,98.02,98.16,290.9,296.5,0.0048,0.0079,TF,LEAP-1B28,Jet A,BOEING,CFM International,Upper Medium,L2J,16.5
B737,150,1800,66320,165,3000,280,2500,280,2500,1500,460,41000,2500,800,280,3500,250,1500,190,137,1400,34,34,13,214,130,1997,42,41,47,23,14137,0.205628136,-0.399945899,0.28618335,37600,124.6,128,3,5.2,25.78,107.65,0.1,0.1,0.1,2.4,3,1,3.91,,,,6,30.6,432,0.4,0.6,2.2,22,3,1,37.11,,,,45.6,38.6,3998,25.3,20.5,10.1,4.4,3,1,47.83,,,,55.4,60.5,75.6,92,104.5,125.4,5149,12.6,11.4,,,3,1,12.6,,,,16.2,69.8,1.86,1.97,16.9,17.7,1.103,0.91,0.316,0.109,412,97.8,98,294,297,0.01,0.0157,TF,CFM56-7B24,Jet A,BOEING,CFM International,Upper Medium,L2J,16
B738,145,2300,70530,165,3000,290,2000,290,2000,1500,460,41000,2000,800,280,3500,250,1500,210,147,1600,34,39,13,234,162,1998,41,51,56,23,16487,0.434103842,0.052823043,0.28618335,41400,124.6,133.5,5.5,5.1,27.61,116.99,0.1,0.1,0.1,1.9,3,1,3.06,,,,4.7,24,361,0.2,0.6,1.6,18.8,3,1,30.33,,,,37.2,31.5,3533,28.8,22.5,10.8,4.7,3,1,52.64,,,,61.6,64.65,80.9,96.6,110.8,131.75,6149,14.7,11.9,,,3,1,14.7,,,,18.9,83.4,1.86,1.97,16.9,17.7,1.221,0.999,0.338,0.113,441,97.8,98,294,297,0.01,0.0157,TF,CFM56-7B26,Jet A,BOEING,CFM International,Upper Medium,L2J,16
B739,149,2300,79015,165,3000,290,2000,290,2000,1500,460,41000,2745,1000,280,3500,250,1500,210,150,1700,34,42,13,233,177,2001,41,56,62,23,17549,0.434103842,0.505591986,0.28618335,44600,124.6,143,3,5,28.63,121.44,0.1,0.1,0.1,1.7,3,1,2.76,,,,4.3,21.9,335,0.2,0.5,1.4,17.9,3,1,28.3,,,,34.7,29.4,3436,30.9,23.7,11,4.8,3,1,55.27,,,,64.1,65.9,82.4,98.9,112.4,133,6719,15.7,12.1,,,3,1,15.7,,,,20.2,90,1.86,1.97,16.9,17.7,1.284,1.043,0.349,0.116,456,97.8,98,294,297,0.01,0.0157,TF,CFM56-7B27,Jet A,BOEING,CFM International,Upper Medium,L2J,16
B752,145,1900,115680,175,3500,300,2500,300,2000,1500,470,42000,3900,1000,270,3500,220,1500,210,130,1400,38,47,14,384,200,1983,45,60,72,28,21602,0.434103842,0.279207515,0.28618335,58400,182.3,679.5,2.5,4.1,25.65,177.25,0.253333333,0.32,0.3625,1.1225,3.5,1.25,2.4675,0.27,2.27,2.7075,3.375,17.2,442.25,0.7625,0.8125,1.82,16.13,4,1.5,28.275,3.5,26.125,30.8,33.45,28.325,5108.5,43.1475,30.505,7.54,4.115,4,1.5,65.3,1.3,63.675,67.075,73.425,80.475,100.575,122.425,139.1,167.125,11618,4.515,4.32,0.78,0.48,4,1.5,3.125,0.3,2.85,3.675,3.925,19.375,1.91275,1.91275,18.95,18.95,1.8575,1.5075,0.545,0.185,696.5,100.275,100.6,283.25,291.25,0.005275,0.006875,MTF,RB211-535E4,AVTUR,BOEING,Rolls-Royce plc,Lower Heavy,L2J,16.8
B763,160,2900,186880,190,3000,290,2500,290,2000,1000,460,45000,6105,1000,290,3000,230,1500,220,140,1800,48,55,16,562,270,1986,53,75,82,36,30766,0.891055255,0.958360928,1.240127851,90000,283.3,312.5,1.5,5.1,31.61,267.2,0.055,0.065,0.155,5.235,3.5,2,6.51,0.7545,5.89,7.365,8.5,43.2,1737.5,0.29,0.28,1.92,30.275,3.5,2,38.08,2.113,36.17,40.355,43.4,36.8,10168.5,29.69,22.315,10.82,4.275,3.5,2,46.78,1.33,45.635,48.39,51.45,49.8,62.3,73.25,82.7,96.45,12501,7.35,5.4,2.3,3,3.5,2,7.35,1.107,6,8.3,8.6,47.7,1.94,1.94,15.3,15.3,2.5795,2.0885,0.679,0.206,868.5,97.505,97.985,283,294.5,0.006485,0.010715,TF,CF6-80C2B6,Jet A,BOEING,General Electric Company,Lower Heavy,L2J,17
B772,170,2900,247210,200,3000,300,2500,300,2000,1500,480,43000,5210,800,300,3000,250,1500,240,140,1700,61,64,18,672,305,2005,62,85,97,42,44940,1.576482374,1.411129871,1.558109352,138000,427.8,336.6666667,16.33333333,7.093333333,42.70666667,513.9,0.034666667,0.026,0.052,3.837333333,5,1.666666667,4.206666667,0.203333333,3.96,4.433333333,5.886666667,29.97210885,2162.364672,0.11,0.114666667,2.1,36.08866667,5,1.666666667,40.18333333,1.033333333,38.90666667,41.35666667,47.15333333,39.95875706,20645.32908,50.82533333,36.28666667,16.27733333,5.404,5,1.666666667,66.89,1.046666667,65.34666667,68.12333333,74.9,59.72782544,74.6597818,81.06402527,88.79621248,99.20175439,34371.85517,3.62,2.32,1.55,1.183333333,5,1.666666667,3.62,1.43,1.54,4.51,4.413333333,29.142832,1.913333333,1.96,11.9,15.1,4.63,3.600666667,1.092,0.354,1484.261333,97.05933333,98.16833333,290.7066667,297.2066667,0.005113333,0.008803333,TF,GE90-115B,Jet A,BOEING,General Electric Company,Upper Heavy,L2J,17
B773,168,3000,299370,200,3000,300,2500,300,2000,1500,490,43000,5955,1000,300,3000,240,1500,250,149,1800,61,74,19,872,368,1998,62,102,112,42,44940,1.348006668,1.411129871,1.558109352,160500,427.8,336.6666667,16.33333333,7.093333333,42.70666667,513.9,0.034666667,0.026,0.052,3.837333333,5,1.666666667,4.206666667,0.203333333,3.96,4.433333333,5.886666667,29.97210885,2162.364672,0.11,0.114666667,2.1,36.08866667,5,1.666666667,40.18333333,1.033333333,38.90666667,41.35666667,47.15333333,39.95875706,20645.32908,50.82533333,36.28666667,16.27733333,5.404,5,1.666666667,66.89,1.046666667,65.34666667,68.12333333,74.9,59.72782544,74.6597818,81.06402527,88.79621248,99.20175439,34371.85517,3.62,2.32,1.55,1.183333333,5,1.666666667,3.62,1.43,1.54,4.51,4.413333333,29.142832,1.913333333,1.96,11.9,15.1,4.63,3.600666667,1.092,0.354,1484.261333,97.05933333,98.16833333,290.7066667,297.2066667,0.005113333,0.008803333,TF,GE90-115B,Jet A,BOEING,General Electric Company,Upper Heavy,L2J,17
B77W,168,3000,351500,200,3000,300,2500,300,2000,1500,490,43000,7930,1000,300,3000,240,1500,250,149,1800,65,74,19,1020,365,2004,62,102,114,42,55052,1.576482374,1.1847454,1.558109352,167800,436.8,336.6666667,16.33333333,7.093333333,42.70666667,513.9,0.034666667,0.026,0.052,3.837333333,5,1.666666667,4.206666667,0.203333333,3.96,4.433333333,5.886666667,29.97210885,2162.364672,0.11,0.114666667,2.1,36.08866667,5,1.666666667,40.18333333,1.033333333,38.90666667,41.35666667,47.15333333,39.95875706,20645.32908,50.82533333,36.28666667,16.27733333,5.404,5,1.666666667,66.89,1.046666667,65.34666667,68.12333333,74.9,59.72782544,74.6597818,81.06402527,88.79621248,99.20175439,34371.85517,3.62,2.32,1.55,1.183333333,5,1.666666667,3.62,1.43,1.54,4.51,4.413333333,29.142832,1.913333333,1.96,11.9,15.1,4.63,3.600666667,1.092,0.354,1484.261333,97.05933333,98.16833333,290.7066667,297.2066667,0.005113333,0.008803333,TF,GE90-115B,Jet A,BOEING,General Electric Company,Upper Heavy,L2J,17
B788,165,2820,228000,190,2700,290,2000,290,1500,1500,470,43000,7305,2600,300,2800,240,1500,220,140,1520,52,57,17,560,230,2011,56,75,83,38,39602,-0.251323277,0.052823043,0.28618335,119000,377,733,11.5,9.39,42.53,323.7,,,,0.045,6.5,3.5,0.045,0.0425,,0.095,0.055,0.275,15.365,0.525,0.47,0.705,8.01,6.5,3.5,10.215,2.84,6.57,13.02,10.99,9.31,3307,50.21,38.01,13.55,5.57,6.5,3.5,59.17,0.875,58.3,60.23,62.425,49.905,62.405,67.795,74.32,83.06,19153.5,3.25,3.95,3.4,0.55,6.5,3.5,5.59,2.125,3,8.25,6.125,35.68,1.895,1.895,17.05,17.05,2.403,1.968,0.649,0.242,484.5,98.9,102.1,284.1,291.75,0.00432,0.008445,TF,Trent 1000-G,,BOEING,Rolls-Royce plc,Upper Heavy,L2J,18.5
B789,165,2820,253000,190,2700,290,2000,290,1500,1500,470,43000,7565,2600,300,2800,240,1500,220,140,1520,60,63,17,640,296,2013,56,85,93,39,43747,-0.022847571,0.279207515,0.28618335,128000,377,733,11.5,9.62,38.33,286.9,,,,0.075,6.5,3.5,0.09,0.082,,0.18,0.11,0.545,26.575,0.49,0.43,0.875,9.955,6.5,3.5,13.14,3.425,8.79,16.675,14.135,11.965,3770,40.715,31.645,12.67,5.175,6.5,3.5,49.77,0.825,48.97,50.725,52.51,45,56.285,62.76,69.425,78.64,14279.5,3.75,4.6,2.95,0.55,6.5,3.5,5.605,2.125,3,8.25,6.125,34.52,1.895,1.895,17.05,17.05,2.07,1.71,0.583,0.226,439,98.9,102.1,284.1,291.75,0.00432,0.008445,TF,Trent 1000-H,,BOEING,Rolls-Royce plc,Upper Heavy,L2J,18.5
BCS1,165,1890,69900,175,3100,280,2600,280,1800,1500,445,41000,3350,1500,250,2200,210,1700,190,140,1448,35,39,12,186,150,2016,39,43,45,26,14978,-1.165226103,-1.079099313,-1.303724152,35221,112.3,577.6666667,18.66666667,11.05,38.67,108.53,0.1,0.1,0.1,0.1,3,1.666666667,0.233333333,,0.133333333,0.266666667,0.333333333,1.666666667,22,,0.1,1.733333333,15.46666667,3,1.666666667,17.83333333,,17.6,18.03333333,21.16666667,17.93333333,1962.333333,26.7,20.73333333,10.63333333,6.033333333,3,1.666666667,36.53333333,,35.9,36.96666667,41.06666667,35.3,43.46666667,48.4,54.06666667,61,3977,3.4,2.266666667,1.333333333,1.166666667,3,1.666666667,3.533333333,,2.566666667,4.766666667,4.3,18.56666667,1.926666667,1.926666667,17.33333333,18.3,0.79,0.65,0.23,0.08,294.4666667,101.0533333,102.6433333,267.8333333,279.4,0.001083333,0.00253,TF,PW1524G,Jet A,AIRBUS,Pratt & Whitney,Lower Medium,L2J,18
BCS3,140,1509,63100,165,3500,280,2500,280,2000,1800,445,41000,3400,1500,250,2200,210,1700,190,135,1350,35,35,12,186,120,2016,39,48,51,26,16512,-1.165226103,-0.852714842,-0.985742651,35221,112.3,577.6666667,18.66666667,11.05,38.67,108.53,0.1,0.1,0.1,0.1,3,1.666666667,0.233333333,,0.133333333,0.266666667,0.333333333,1.666666667,22,,0.1,1.733333333,15.46666667,3,1.666666667,17.83333333,,17.6,18.03333333,21.16666667,17.93333333,1962.333333,26.7,20.73333333,10.63333333,6.033333333,3,1.666666667,36.53333333,,35.9,36.96666667,41.06666667,35.3,43.46666667,48.4,54.06666667,61,3977,3.4,2.266666667,1.333333333,1.166666667,3,1.666666667,3.533333333,,2.566666667,4.766666667,4.3,18.56666667,1.926666667,1.926666667,17.33333333,18.3,0.79,0.65,0.23,0.08,294.4666667,101.0533333,102.6433333,267.8333333,279.4,0.001083333,0.00253,TF,PW1524G,Jet A,AIRBUS,Pratt & Whitney,Lower Medium,L2J,18
C56X,115,1055,8709,145,2500,270,3000,270,2200,1000,430,45000,2000,1000,270,3000,210,1000,180,117,890,17,16,5,32,10,1998,17,22,22,15,3767,-1.622177516,-2.43740614,-2.893631653,5806,34.34,,,,,,,,,,,,,,,,,,,,,,,,,,,,,,,,,,,,,,,,,,,,,,,,,,,,,,,,,,,,,,,,,,,,,,,,,,,,,PW545B,,CESSNA,,Light,L2J,15
CRJ9,140,1770,38330,165,2500,290,2000,290,1800,1300,450,41000,1550,1500,290,3500,250,1500,185,135,1630,25,36,8,116,80,2003,24,57,57,16,11334,-0.479798983,-0.399945899,-0.667761151,21845,71.1,235.6666667,7.333333333,5.13,23.09,59.42,0.02,0.02,0.06,0.13,3,1,0.31,,,,0.486666667,2.466666667,18,0.64,0.57,4.24,18.25,3,1,34.86,,,,42.8,36.3,2070.666667,14.69,12.6,10.75,4.6,3,1,37.12,,,,43,49.9,62.4,69.26666667,73.4,82.2,2205,8.32,2.253333333,,,3,1,8.32,,,,10.70666667,39.2,1.937,1.937,18,18,0.648033333,0.5299,0.1791,0.0641,240,97.1,98.1,284,292,0.0047,0.00727,TF,CF34-8C5,Jet A,CANADAIR,General Electric Company,Lower Medium,L2J,14
E190,138,2056,45995,190,3400,300,2800,300,2200,1800,460,41000,2400,2100,250,2200,230,1600,210,131,1323,29,36,11,180,94,2005,35,41,46,23,12913,-0.022847571,0.052823043,-0.985742651,27753,92.5,212,9.666666667,5.09,27.26666667,83.7,0.035333333,0.069333333,0.093333333,4.437,3,1,7.403333333,0.763333333,6.933333333,7.9,11.40333333,58.2,619.6666667,0.75,0.526666667,3.513333333,43.73,3,1,74.73666667,3.133333333,72.7,76.8,91.73333333,77.72333333,6256.666667,20.32,16.67666667,8.17,3.693333333,3,1,39.37,0.726666667,38.93333333,39.76666667,45.63333333,48.24333333,60.30333333,71.56,80.10333333,94.2,3294.333333,11.92,5.82,0.233333333,0.533333333,3,1,11.90333333,0.95,11.16666667,12.86666667,15.34333333,61.73,1.92,1.923333333,16.76666667,18.06666667,0.869,0.717,0.24,0.087666667,325.6666667,97.6,98.13333333,294,297.6666667,0.00814,0.010806667,TF,CF34-10E5A1,Jet A-1,EMBRAER,General Electric Company,Lower Medium,L2J,15
E195,140,1432,52290,190,3000,300,2500,300,2000,1500,447,41000,2300,2000,250,2500,230,1600,210,135,1275,29,39,11,200,100,2017,34,48,52,24,13734,-0.022847571,0.279207515,-0.667761151,28583,92.5,215,9.666666667,5.09,25.56666667,77.4,0.052333333,0.08,0.118666667,5.493666667,3,1,9.523333333,0.695,8.933333333,10.1,14.66666667,74.82333333,736.6666667,0.61,0.493333333,4.263333333,48.49333333,3,1,86.16333333,2.35,83.66666667,88.4,105.8,89.64333333,6666,18.31666667,15.37666667,7.81,3.55,3,1,36.47,0.335,36.06666667,36.86666667,42.26666667,46.4,57.98333333,67.84333333,74.76333333,86.96666667,2821.333333,8.413333333,4.07,0.21,0.606666667,3,1,8.406666667,0.96,7.7,9.5,10.84,42.7,1.92,1.923333333,16.76666667,18.06666667,0.791,0.654,0.223666667,0.084666667,305.3333333,97.6,98.13333333,294,297.6666667,0.00814,0.010806667,TF,CF34-10E6,Jet A-1,EMBRAER,General Electric Company,Lower Medium,L2J,15.5
E290,140,1190,56400,190,3000,300,2500,300,2000,1500,447,41000,2850,2000,250,2500,230,1600,210,135,1286,34,36,11,200,114,2018,36,40,49,22,14922,-1.393701809,-1.758252727,-1.303724152,28583,92.5,589.5,20,11.36,35.76,100.3,,,0.1,0.1,3,1,0.2,,0.2,0.3,0.3,2,21,,,2.7,19.8,3,1,23.5,,23.3,23.8,28.8,24,2356,22.2,18.1,10,5.5,3,1,31.9,,31.6,32.1,37,33,41,47,52,60,3199,2.6,1.6,0.8,0.5,3,1,2.6,,2.3,3.1,3.3,14,1.94,1.94,17.8,18.4,0.71,0.59,0.21,0.07,270.4,101.97,103.29,272,278.1,0.00122,0.00221,TF,PW1921G,Jet A,EMBRAER,Pratt & Whitney,Lower Medium,L2J,15.5
